<?xml version="1.0" encoding="UTF-8"?>
<project-private xmlns="http://www.netbeans.org/ns/project-private/1">
    <editor-bookmarks xmlns="http://www.netbeans.org/ns/editor-bookmarks/2" lastBookmarkId="0"/>
    <open-files xmlns="http://www.netbeans.org/ns/projectui-open-files/2">
        <group>
            <file>file:/Users/nisaenko/NetBeansProjects/estore/src/java/store/ServletListener.java</file>
            <file>file:/Users/nisaenko/NetBeansProjects/estore/web/reg.jsp</file>
            <file>file:/Users/nisaenko/NetBeansProjects/estore/web/cart.jsp</file>
            <file>file:/Users/nisaenko/NetBeansProjects/estore/web/store.jsp</file>
            <file>file:/Users/nisaenko/NetBeansProjects/estore/src/java/store/UpdateCartServlet.java</file>
            <file>file:/Users/nisaenko/NetBeansProjects/estore/src/java/store/ShoppingCart.java</file>
            <file>file:/Users/nisaenko/NetBeansProjects/estore/src/java/store/AddItemServlet.java</file>
            <file>file:/Users/nisaenko/NetBeansProjects/estore/web/index.jsp</file>
            <file>file:/Users/nisaenko/NetBeansProjects/estore/web/feed.xml</file>
            <file>file:/Users/nisaenko/NetBeansProjects/estore/web/WEB-INF/web.xml</file>
            <file>file:/Users/nisaenko/NetBeansProjects/estore/web/checkout.jsp</file>
            <file>file:/Users/nisaenko/NetBeansProjects/estore/src/java/store/DBConnection.java</file>
            <file>file:/Users/nisaenko/NetBeansProjects/estore/src/java/store/ProductCatalog.java</file>
            <file>file:/Users/nisaenko/NetBeansProjects/estore/web/show-product.jsp</file>
            <file>file:/Users/nisaenko/NetBeansProjects/estore/src/java/store/Product.java</file>
        </group>
    </open-files>
</project-private>
